[{"ID":3,"Name":"Percurso de Teste","Description":"Fomos e Voltamos","Creator":"gestor@mail.com","StartHour":"0001-01-01T00:00:00","PercursoPOIsOrder":"2,9,47","PercursoPOIs":[{"ID":2,"Name":"Torre dos Clerigos","Description":null,"OpenHour":"0001-01-01T00:00:00","CloseHour":"0001-01-01T00:00:00","VisitDuration":0,"GPS_Lat":0.0,"GPS_Long":0.0,"Altitude":0,"Creator":null,"Approved":null,"ConnectedPOI":[],"Hashtags":[]},{"ID":9,"Name":"Estadio do dragao","Description":null,"OpenHour":"0001-01-01T00:00:00","CloseHour":"0001-01-01T00:00:00","VisitDuration":0,"GPS_Lat":0.0,"GPS_Long":0.0,"Altitude":0,"Creator":null,"Approved":null,"ConnectedPOI":[],"Hashtags":[]},{"ID":10,"Name":"Isep","Description":null,"OpenHour":"0001-01-01T00:00:00","CloseHour":"0001-01-01T00:00:00","VisitDuration":0,"GPS_Lat":0.0,"GPS_Long":0.0,"Altitude":0,"Creator":null,"Approved":null,"ConnectedPOI":[],"Hashtags":[]}]}]