[{"ID":2,"Name":"Torre dos Clérigos","Description":"Torre historica da cidade do Porto","OpenHour":"2017-01-15T08:10:00","CloseHour":"2017-01-15T23:00:00","VisitDuration":30,"GPS_Lat":41.145661,"GPS_Long":-8.614581,"Altitude":77,"Creator":"user@mail.com","Approved":"gestor@mail.com","ConnectedPOI":[{"ID":61,"Name":"Palácio da Bolsa"},{"ID":64,"Name":"Estação de São Bento"},{"ID":78,"Name":"Livraria Lello"},{"ID":79,"Name":"Jardins do Palácio de Cristal"}],"Hashtags":[{"HashtagID":190,"Text":"casa"}]},{"ID":9,"Name":"Estádio do Dragão","Description":"Estádio do Futebol Clube do Porto","OpenHour":"2017-01-15T08:00:00","CloseHour":"2017-01-15T20:00:00","VisitDuration":120,"GPS_Lat":41.161818,"GPS_Long":-8.583677,"Altitude":100,"Creator":"user@mail.com","Approved":"gestor@mail.com","ConnectedPOI":[{"ID":81,"Name":"Coliseu do Porto"}],"Hashtags":[{"HashtagID":72,"Text":"fcp"},{"HashtagID":138,"Text":"monumento_nacional"},{"HashtagID":191,"Text":"estadio"}]},{"ID":61,"Name":"Palácio da Bolsa","Description":"O palácio da Bolsa é considerado um dos mais belos edifícios que o Porto possui e ainda um dos mais ricos de Portugal.","OpenHour":"2017-01-15T09:00:00","CloseHour":"2017-01-15T18:30:00","VisitDuration":45,"GPS_Lat":41.141418,"GPS_Long":-8.615837,"Altitude":23,"Creator":"user@mail.com","Approved":"gestor@mail.com","ConnectedPOI":[{"ID":2,"Name":"Torre dos Clérigos"},{"ID":79,"Name":"Jardins do Palácio de Cristal"},{"ID":80,"Name":"Igreja Monumento de São Franscisco"},{"ID":84,"Name":"Sé do Porto"}],"Hashtags":[{"HashtagID":63,"Text":"arquitectura"},{"HashtagID":98,"Text":"palacio"},{"HashtagID":99,"Text":"historia"},{"HashtagID":192,"Text":"edificio"}]},{"ID":62,"Name":"Ponte de D. Luís","Description":"A Ponte Luis I ou Luiz I, e uma ponte em estrutura metalica com dois tabuleiros, construida entre os anos 1881 e 1888.","OpenHour":"2017-01-15T00:00:00","CloseHour":"2017-01-15T23:59:00","VisitDuration":10,"GPS_Lat":41.140618,"GPS_Long":-8.609432,"Altitude":20,"Creator":"user@mail.com","Approved":"gestor@mail.com","ConnectedPOI":[{"ID":64,"Name":"Estação de São Bento"},{"ID":80,"Name":"Igreja Monumento de São Franscisco"},{"ID":84,"Name":"Sé do Porto"}],"Hashtags":[{"HashtagID":111,"Text":"pontes"},{"HashtagID":112,"Text":"gustaveeiffel"},{"HashtagID":189,"Text":"bridge"},{"HashtagID":190,"Text":"casa"}]},{"ID":63,"Name":"Casa da Música","Description":"Instituição dedicada à divulgação da música no Porto.","OpenHour":"2017-01-15T08:00:00","CloseHour":"2017-01-15T19:00:00","VisitDuration":90,"GPS_Lat":41.158816,"GPS_Long":-8.630730,"Altitude":80,"Creator":"johndoe@mail.com","Approved":"gestor@mail.com","ConnectedPOI":[{"ID":79,"Name":"Jardins do Palácio de Cristal"},{"ID":82,"Name":"Serralves"},{"ID":83,"Name":"Estádio do Bessa Século XXI"}],"Hashtags":[{"HashtagID":61,"Text":"cultura"},{"HashtagID":113,"Text":"musica"},{"HashtagID":192,"Text":"edificio"}]},{"ID":64,"Name":"Estação de São Bento","Description":"Estação ferroviária","OpenHour":"2017-01-15T06:00:00","CloseHour":"2017-01-15T23:55:00","VisitDuration":10,"GPS_Lat":41.145629,"GPS_Long":-8.610510,"Altitude":55,"Creator":"gestor@mail.com","Approved":"gestor@mail.com","ConnectedPOI":[{"ID":2,"Name":"Torre dos Clérigos"},{"ID":62,"Name":"Ponte de D. Luís"},{"ID":81,"Name":"Coliseu do Porto"},{"ID":84,"Name":"Sé do Porto"}],"Hashtags":[{"HashtagID":114,"Text":"caminhosdeferro"},{"HashtagID":192,"Text":"edificio"}]},{"ID":76,"Name":"Fortaleza de São João da Foz","Description":"Fortaleza de São João da Foz","OpenHour":"2017-01-15T10:00:00","CloseHour":"2017-01-15T19:00:00","VisitDuration":60,"GPS_Lat":41.148993,"GPS_Long":-8.674463,"Altitude":7,"Creator":"testefuncional@portovisitas.pt","Approved":"testefuncional@portovisitas.pt","ConnectedPOI":[{"ID":77,"Name":"Praia da Luz"},{"ID":82,"Name":"Serralves"}],"Hashtags":[{"HashtagID":190,"Text":"casa"}]},{"ID":77,"Name":"Praia da Luz","Description":"Praia","OpenHour":"2017-01-14T00:00:00","CloseHour":"2017-01-14T23:59:00","VisitDuration":60,"GPS_Lat":41.153258,"GPS_Long":-8.679398,"Altitude":1,"Creator":"testefuncional@portovisitas.pt","Approved":"testefuncional@portovisitas.pt","ConnectedPOI":[{"ID":76,"Name":"Fortaleza de São João da Foz"}],"Hashtags":[{"HashtagID":194,"Text":"ambiente"}]},{"ID":78,"Name":"Livraria Lello","Description":"Livraria Lello","OpenHour":"2017-01-14T08:00:00","CloseHour":"2017-01-14T23:00:00","VisitDuration":120,"GPS_Lat":41.146903,"GPS_Long":-8.614769,"Altitude":84,"Creator":"testefuncional@portovisitas.pt","Approved":"testefuncional@portovisitas.pt","ConnectedPOI":[{"ID":2,"Name":"Torre dos Clérigos"}],"Hashtags":[{"HashtagID":190,"Text":"casa"}]},{"ID":79,"Name":"Jardins do Palácio de Cristal","Description":"Jardins do Palácio de Cristal","OpenHour":"2017-01-15T00:00:00","CloseHour":"2017-01-15T23:59:00","VisitDuration":60,"GPS_Lat":41.148271,"GPS_Long":-8.625426,"Altitude":75,"Creator":"testefuncional@portovisitas.pt","Approved":"testefuncional@portovisitas.pt","ConnectedPOI":[{"ID":2,"Name":"Torre dos Clérigos"},{"ID":61,"Name":"Palácio da Bolsa"},{"ID":63,"Name":"Casa da Música"}],"Hashtags":[{"HashtagID":194,"Text":"ambiente"}]},{"ID":80,"Name":"Igreja Monumento de São Franscisco","Description":"Monumento de São Franscisco","OpenHour":"2017-01-15T08:00:00","CloseHour":"2017-01-15T19:00:00","VisitDuration":40,"GPS_Lat":41.141006,"GPS_Long":-8.615709,"Altitude":20,"Creator":"testefuncional@portovisitas.pt","Approved":"testefuncional@portovisitas.pt","ConnectedPOI":[{"ID":61,"Name":"Palácio da Bolsa"},{"ID":62,"Name":"Ponte de D. Luís"}],"Hashtags":[{"HashtagID":188,"Text":"church"},{"HashtagID":190,"Text":"casa"}]},{"ID":81,"Name":"Coliseu do Porto","Description":"Coliseu do Porto","OpenHour":"2017-01-14T08:00:00","CloseHour":"2017-01-14T20:00:00","VisitDuration":60,"GPS_Lat":41.146967,"GPS_Long":-8.605428,"Altitude":90,"Creator":"testefuncional@portovisitas.pt","Approved":"testefuncional@portovisitas.pt","ConnectedPOI":[{"ID":9,"Name":"Estádio do Dragão"},{"ID":64,"Name":"Estação de São Bento"}],"Hashtags":[{"HashtagID":192,"Text":"edificio"}]},{"ID":82,"Name":"Serralves","Description":"Fundação de Serralves","OpenHour":"2017-01-14T10:00:00","CloseHour":"2017-01-14T17:00:00","VisitDuration":60,"GPS_Lat":41.157681,"GPS_Long":-8.657562,"Altitude":59,"Creator":"gestor@mail.com","Approved":"gestor@mail.com","ConnectedPOI":[{"ID":63,"Name":"Casa da Música"},{"ID":76,"Name":"Fortaleza de São João da Foz"}],"Hashtags":[{"HashtagID":192,"Text":"edificio"}]},{"ID":83,"Name":"Estádio do Bessa Século XXI","Description":"Estádio do Boavista FC","OpenHour":"2017-01-15T08:00:00","CloseHour":"2017-01-15T17:00:00","VisitDuration":40,"GPS_Lat":41.162140,"GPS_Long":-8.642687,"Altitude":73,"Creator":"gestor@mail.com","Approved":"gestor@mail.com","ConnectedPOI":[{"ID":63,"Name":"Casa da Música"}],"Hashtags":[{"HashtagID":191,"Text":"estadio"}]},{"ID":84,"Name":"Sé do Porto","Description":"Catedral de Nossa Senhora da Assunção","OpenHour":"2017-01-15T09:30:00","CloseHour":"2017-01-15T16:30:00","VisitDuration":45,"GPS_Lat":41.142824,"GPS_Long":-8.611183,"Altitude":60,"Creator":"gestor@mail.com","Approved":"gestor@mail.com","ConnectedPOI":[{"ID":61,"Name":"Palácio da Bolsa"},{"ID":62,"Name":"Ponte de D. Luís"},{"ID":64,"Name":"Estação de São Bento"}],"Hashtags":[{"HashtagID":190,"Text":"casa"}]}]